{
    "accuracy": 0.5606143992408967,
    "precision": 0.6118754234782648,
    "recall": 0.5606143992408967,
    "f1": 0.5761599114352445
}