{
    "accuracy": 0.5747710518118575,
    "precision": 0.6176949274414014,
    "recall": 0.5747710518118575,
    "f1": 0.5864151159499295
}