{
    "accuracy": 0.5751874156370055,
    "precision": 0.61825049543575,
    "recall": 0.5751874156370055,
    "f1": 0.5868038379188169
}